City_ID,City,Country,Date,Lat,Lng,Max Temp,Humidity,Cloudiness,Wind Speed
0,Cape Town,ZA,2022-07-05 18:37:49,-33.9258,18.4232,61.38,85,0,3.44
1,Rikitea,PF,2022-07-05 18:41:07,-23.1203,-134.9692,76.05,77,2,17.72
2,Castro,BR,2022-07-05 18:41:08,-24.7911,-50.0119,69.55,55,32,5.46
3,Hermanus,ZA,2022-07-05 18:41:08,-34.4187,19.2345,48.79,74,0,1.79
4,Qaanaaq,GL,2022-07-05 18:41:09,77.484,-69.3632,46.58,50,88,2.24
5,Yellowknife,CA,2022-07-05 18:41:09,62.456,-114.3525,72.12,35,0,6.91
6,Kambove,CD,2022-07-05 18:41:10,-10.8764,26.5969,58.14,49,0,4.21
7,Souillac,MU,2022-07-05 18:41:10,-20.5167,57.5167,68.38,77,20,5.75
8,Egvekinot,RU,2022-07-05 18:41:10,66.3167,-179.1667,40.14,95,100,4.09
9,Mackay,AU,2022-07-05 18:41:11,-21.15,149.2,48.69,80,4,4.74
10,Vardo,NO,2022-07-05 18:41:11,70.3705,31.1107,51.78,100,75,2.3
11,Jamestown,US,2022-07-05 18:40:27,42.097,-79.2353,77.02,79,100,12.66
12,Punta Arenas,CL,2022-07-05 18:38:56,-53.15,-70.9167,30.31,100,20,4.61
13,Jambi,ID,2022-07-05 18:41:12,-1.6,103.6167,75.69,96,74,2.77
14,Tiksi,RU,2022-07-05 18:41:13,71.6872,128.8694,42.84,70,98,4.92
15,Lexington,US,2022-07-05 18:40:42,37.9887,-84.4777,96.8,53,40,17.27
16,Mataura,NZ,2022-07-05 18:41:13,-46.1927,168.8643,45.48,79,100,8.01
17,Severnyy,RU,2022-07-05 18:41:14,50.677,36.5532,75.24,60,0,0.0
18,Viedma,AR,2022-07-05 18:41:14,-40.8135,-62.9967,58.96,24,100,21.59
19,Jawhar,SO,2022-07-05 18:41:15,2.7809,45.5005,75.24,77,100,19.22
20,Kysyl-Syr,RU,2022-07-05 18:41:15,63.8986,122.7617,51.93,96,100,11.95
21,Xingcheng,CN,2022-07-05 18:41:15,40.6167,120.7167,73.09,90,100,5.93
22,Shellbrook,CA,2022-07-05 18:38:38,53.2168,-106.4011,61.83,76,100,11.23
23,Saskylakh,RU,2022-07-05 18:41:16,71.9167,114.0833,47.23,94,99,5.08
24,Birao,CF,2022-07-05 18:41:17,10.2849,22.7882,76.41,72,87,2.68
25,Stephenville,US,2022-07-05 18:36:47,32.2207,-98.2023,97.16,36,0,8.99
26,Cherskiy,RU,2022-07-05 18:41:17,68.75,161.3,58.87,74,100,9.78
27,Namatanai,PG,2022-07-05 18:41:18,-3.6667,152.4333,78.94,83,100,8.88
28,Akyab,MM,2022-07-05 18:41:18,20.15,92.9,80.85,86,100,10.83
29,Marawi,PH,2022-07-05 18:41:18,7.9986,124.2928,68.94,95,100,2.89
30,Bredasdorp,ZA,2022-07-05 18:41:19,-34.5322,20.0403,54.66,71,95,1.21
31,Saint George,US,2022-07-05 18:36:59,37.1041,-113.5841,99.63,18,0,6.91
32,Cockburn Town,TC,2022-07-05 18:41:20,21.4612,-71.1419,81.63,75,1,16.87
33,Kodiak,US,2022-07-05 18:41:20,57.79,-152.4072,58.51,77,0,5.75
34,Saint-Philippe,RE,2022-07-05 18:41:21,-21.3585,55.7679,67.59,80,65,11.45
35,Ushuaia,AR,2022-07-05 18:38:51,-54.8,-68.3,35.26,69,20,1.14
36,Marsh Harbour,BS,2022-07-05 18:41:21,26.5412,-77.0636,83.68,71,63,12.44
37,Hofn,IS,2022-07-05 18:41:22,64.2539,-15.2082,47.01,83,100,5.23
38,Omboue,GA,2022-07-05 18:41:22,-1.5746,9.2618,71.24,84,26,9.28
39,Roma,US,2022-07-05 18:41:23,43.2128,-75.4557,71.87,89,100,11.5
40,Hobart,AU,2022-07-05 18:37:08,-42.8794,147.3294,45.27,94,100,8.05
41,Aykhal,RU,2022-07-05 18:41:24,66.0,111.5,55.67,87,100,5.1
42,Arica,CL,2022-07-05 18:41:24,-18.475,-70.3042,67.55,63,0,14.97
43,Camacha,PT,2022-07-05 18:41:25,33.0833,-16.3333,67.42,64,75,12.66
44,Johi,PK,2022-07-05 18:41:25,26.6921,67.6133,95.74,53,76,4.0
45,Khatanga,RU,2022-07-05 18:41:26,71.9667,102.5,54.32,52,100,4.05
46,Tuktoyaktuk,CA,2022-07-05 18:42:26,69.4541,-133.0374,60.8,82,75,8.05
47,Iqaluit,CA,2022-07-05 18:41:24,63.7506,-68.5145,46.13,75,100,4.61
48,Andahuaylas,PE,2022-07-05 18:42:27,-13.6556,-73.3872,64.49,38,40,8.46
49,Touros,BR,2022-07-05 18:42:27,-5.1989,-35.4608,79.7,72,0,15.1
50,Iringa,TZ,2022-07-05 18:42:28,-7.7667,35.7,56.52,67,20,4.61
51,Ponta Do Sol,PT,2022-07-05 18:42:28,32.6667,-17.1,71.71,71,17,2.71
52,Grand Gaube,MU,2022-07-05 18:42:28,-20.0064,57.6608,68.4,76,74,4.0
53,Namibe,AO,2022-07-05 18:42:29,-15.1961,12.1522,63.59,85,0,6.15
54,Bluff,NZ,2022-07-05 18:42:29,-46.6,168.3333,45.81,67,93,21.05
55,Naryan-Mar,RU,2022-07-05 18:42:30,67.6713,53.087,51.76,82,0,6.62
56,Albany,US,2022-07-05 18:39:57,42.6001,-73.9662,77.4,80,100,8.95
57,Norman Wells,CA,2022-07-05 18:42:30,65.282,-126.8329,73.44,43,75,9.22
58,Khorol,UA,2022-07-05 18:42:31,49.7837,33.2783,73.36,53,29,6.33
59,Butaritari,KI,2022-07-05 18:42:31,3.0707,172.7902,82.49,76,23,22.39
60,Avarua,CK,2022-07-05 18:42:31,-21.2078,-159.775,73.45,60,44,8.05
61,Manokwari,ID,2022-07-05 18:42:32,-0.8667,134.0833,78.03,78,100,3.89
62,Fort Frances,CA,2022-07-05 18:42:14,48.5999,-93.4003,75.16,63,95,5.01
63,Aldan,RU,2022-07-05 18:42:32,58.6031,125.3894,67.55,78,77,8.81
64,Solnechnyy,RU,2022-07-05 18:42:33,50.7214,136.6319,65.21,89,8,4.54
65,Adre,TD,2022-07-05 18:42:34,13.4667,22.2,75.49,71,83,13.85
66,Cidreira,BR,2022-07-05 18:42:34,-30.1811,-50.2056,64.98,90,100,11.01
67,Kapaa,US,2022-07-05 18:42:35,22.0752,-159.319,79.12,75,100,13.8
68,Carnarvon,AU,2022-07-05 18:42:35,-24.8667,113.6333,64.02,48,0,9.69
69,Rock Sound,BS,2022-07-05 18:42:36,24.9,-76.2,82.76,75,24,11.81
70,Taganak,PH,2022-07-05 18:42:36,6.0833,118.3,77.14,80,100,8.63
71,Labuhan,ID,2022-07-05 18:42:36,-6.8844,112.2051,77.49,88,89,5.55
72,Saldanha,ZA,2022-07-05 18:42:37,-33.0117,17.9442,53.65,79,0,0.74
73,Vaini,TO,2022-07-05 18:42:38,-21.2,-175.2,71.76,73,75,8.05
74,Faya,SA,2022-07-05 18:42:38,18.3851,42.4509,73.51,43,86,4.76
75,Barrow,US,2022-07-05 18:39:40,71.2906,-156.7887,39.22,93,100,3.44
76,Arraial Do Cabo,BR,2022-07-05 18:42:38,-22.9661,-42.0278,84.16,54,0,13.8
77,Mahebourg,MU,2022-07-05 18:42:39,-20.4081,57.7,68.29,77,20,5.75
78,Nikolskoye,RU,2022-07-05 18:42:40,59.7035,30.7861,67.89,74,95,5.59
79,Kiunga,PG,2022-07-05 18:42:40,-6.1219,141.2906,73.71,100,100,1.92
80,Hilo,US,2022-07-05 18:39:42,19.7297,-155.09,78.62,80,100,3.0
81,Olafsvik,IS,2022-07-05 18:42:41,64.8945,-23.7142,53.06,76,100,6.87
82,Upernavik,GL,2022-07-05 18:42:41,72.7868,-56.1549,39.9,86,40,8.79
83,Gucheng,CN,2022-07-05 18:42:41,35.9115,111.3192,78.62,59,26,2.44
84,Muros,ES,2022-07-05 18:42:42,42.7762,-9.0603,75.83,58,0,13.96
85,Garh Maharaja,PK,2022-07-05 18:42:42,30.8339,71.9053,101.43,37,98,5.21
86,Tanete,ID,2022-07-05 18:42:43,-3.9443,119.7848,73.81,94,92,4.18
87,Dikson,RU,2022-07-05 18:42:43,73.5069,80.5464,36.01,95,100,10.87
88,Nichinan,JP,2022-07-05 18:42:44,31.6,131.3667,76.84,92,100,6.78
89,Port Alfred,ZA,2022-07-05 18:42:44,-33.5906,26.891,57.18,92,100,3.0
90,Antalaha,MG,2022-07-05 18:42:44,-14.9003,50.2788,68.02,82,40,7.38
91,Pisco,PE,2022-07-05 18:42:45,-13.7,-76.2167,65.01,77,20,10.36
92,Codrington,AU,2022-07-05 18:42:45,-38.2667,141.9667,40.55,95,17,6.91
93,Haines Junction,CA,2022-07-05 18:43:46,60.7522,-137.5108,62.55,67,8,3.44
94,Bonavista,CA,2022-07-05 18:42:42,48.6499,-53.1147,60.57,63,77,2.66
95,Benjamin Constant,BR,2022-07-05 18:43:47,-4.3831,-70.0311,82.53,83,40,5.75
96,Ashtian,IR,2022-07-05 18:43:47,34.5217,50.0019,67.59,39,0,23.64
97,Ojinaga,MX,2022-07-05 18:43:48,29.5667,-104.4167,92.35,43,0,0.0
98,Pevek,RU,2022-07-05 18:43:48,69.7008,170.3133,46.13,74,100,19.48
99,Santa Cruz Del Sur,CU,2022-07-05 18:43:49,20.7147,-77.9956,85.82,66,13,6.85
100,Katakwi,UG,2022-07-05 18:43:49,1.8911,33.9661,68.99,58,85,6.93
101,Mar Del Plata,AR,2022-07-05 18:43:50,-38.0023,-57.5575,57.22,30,0,9.22
102,Khombole,SN,2022-07-05 18:43:50,14.7667,-16.7,85.01,62,100,13.04
103,Gouyave,GD,2022-07-05 18:43:51,12.1646,-61.7296,81.37,83,75,20.71
104,Buluang,PH,2022-07-05 18:43:51,13.3068,123.3425,76.77,92,100,1.68
105,Wairoa,NZ,2022-07-05 18:43:52,-39.0333,177.3667,53.55,95,100,1.99
106,Busselton,AU,2022-07-05 18:43:52,-33.65,115.3333,53.55,62,100,10.49
107,Latung,PH,2022-07-05 18:43:52,5.5,120.8833,83.52,70,95,7.09
108,Kahului,US,2022-07-05 18:43:53,20.8947,-156.47,80.62,66,40,14.97
109,Duluth,US,2022-07-05 18:42:54,46.7833,-92.1066,80.08,79,40,6.91
110,Hay River,CA,2022-07-05 18:43:53,60.8156,-115.7999,71.58,37,40,10.36
111,New Norfolk,AU,2022-07-05 18:43:54,-42.7826,147.0587,44.92,88,97,2.1
112,Cururupu,BR,2022-07-05 18:39:32,-1.8283,-44.8683,82.96,67,29,5.68
113,Anadyr,RU,2022-07-05 18:43:55,64.75,177.4833,46.9,87,75,8.95
114,Richards Bay,ZA,2022-07-05 18:43:55,-28.783,32.0377,67.53,77,0,9.82
115,Rabat,MA,2022-07-05 18:40:24,33.9911,-6.8401,74.05,73,75,6.91
116,Srednekolymsk,RU,2022-07-05 18:43:55,67.45,153.6833,54.55,69,100,16.67
117,Carballo,ES,2022-07-05 18:43:56,43.213,-8.691,74.75,77,0,14.23
118,Honiara,SB,2022-07-05 18:43:57,-9.4333,159.95,77.32,86,100,8.43
119,Clyde River,CA,2022-07-05 18:43:55,70.4692,-68.5914,44.83,76,0,4.61
120,Luderitz,NA,2022-07-05 18:42:44,-26.6481,15.1594,56.84,63,0,13.15
121,Ribeira Grande,PT,2022-07-05 18:43:57,38.5167,-28.7,70.2,68,75,6.91
122,Port Lincoln,AU,2022-07-05 18:43:58,-34.7333,135.8667,47.41,72,0,7.34
123,Chernoyerkovskaya,RU,2022-07-05 18:43:58,45.4331,37.7686,73.69,59,0,8.16
124,Coquimbo,CL,2022-07-05 18:43:17,-29.9533,-71.3436,60.53,51,0,14.97
125,Khor,RU,2022-07-05 18:43:59,47.8861,134.9464,67.75,93,6,3.24
126,Orchard Homes,US,2022-07-05 18:43:59,46.8633,-114.0484,76.28,50,0,1.01
127,Port Hawkesbury,CA,2022-07-05 18:44:00,45.6169,-61.3485,77.92,41,0,12.66
128,Grenaa,DK,2022-07-05 18:44:00,56.4158,10.8783,62.82,69,16,18.88
129,Ust-Omchug,RU,2022-07-05 18:44:01,61.15,149.6333,61.05,78,100,3.91
130,Vestmannaeyjar,IS,2022-07-05 18:44:01,63.4427,-20.2734,50.99,100,100,12.66
131,Kavaratti,IN,2022-07-05 18:44:01,10.5669,72.642,81.7,84,100,21.63
132,Victoria,HK,2022-07-05 18:44:02,22.2855,114.1577,84.38,88,100,8.99
133,Bati,ET,2022-07-05 18:44:02,11.1833,40.0167,75.79,43,93,13.0
134,Teknaf,BD,2022-07-05 18:44:03,20.8624,92.3058,79.32,90,100,11.03
135,Atuona,PF,2022-07-05 18:40:21,-9.8,-139.0333,77.52,75,48,28.32
136,Progreso,MX,2022-07-05 18:42:06,21.2833,-89.6667,91.51,66,1,15.1
137,Belmonte,BR,2022-07-05 18:45:04,-15.8631,-38.8828,75.65,75,31,10.22
138,Mount Gambier,AU,2022-07-05 18:45:05,-37.8333,140.7667,37.31,100,75,6.91
139,Morondava,MG,2022-07-05 18:45:05,-20.2833,44.2833,71.24,73,0,14.41
140,Ucluelet,CA,2022-07-05 18:45:06,48.9329,-125.5528,60.1,89,100,1.99
141,Hobyo,SO,2022-07-05 18:45:07,5.3505,48.5268,76.35,83,31,29.77
142,Makubetsu,JP,2022-07-05 18:45:08,45.3714,141.8211,56.75,98,73,11.7
143,Livingstone,ZM,2022-07-05 18:45:09,-17.8419,25.8543,60.12,54,5,4.41
144,Digha,IN,2022-07-05 18:45:09,21.6833,87.55,82.85,85,100,10.29
145,Port Elizabeth,ZA,2022-07-05 18:45:10,-33.918,25.5701,61.09,97,75,8.05
146,Georgetown,MY,2022-07-05 18:44:39,5.4112,100.3354,81.95,86,20,1.14
147,Maltahohe,NA,2022-07-05 18:45:11,-24.8333,16.9833,51.78,17,0,4.09
148,Thompson,CA,2022-07-05 18:42:19,55.7435,-97.8558,68.16,37,40,0.0
149,Gizo,SB,2022-07-05 18:45:12,-8.103,156.8419,81.39,76,70,6.69
150,Bathsheba,BB,2022-07-05 18:45:12,13.2167,-59.5167,84.81,83,20,18.41
151,San Miguelito,PA,2022-07-05 18:45:12,9.0333,-79.5,85.44,83,40,6.91
152,Sept-Iles,CA,2022-07-05 18:41:33,50.2001,-66.3821,72.12,36,40,14.97
153,Beringovskiy,RU,2022-07-05 18:45:13,63.05,179.3167,47.43,87,100,3.22
154,Gazojak,TM,2022-07-05 18:45:14,41.1875,61.4036,79.0,26,0,7.23
155,Lebu,CL,2022-07-05 18:45:14,-37.6167,-73.65,51.93,85,100,10.6
156,Doha,QA,2022-07-05 18:44:54,25.2867,51.5333,98.91,55,100,4.61
157,Zhezkazgan,KZ,2022-07-05 18:45:15,47.8043,67.7144,62.73,59,73,4.52
158,Lavrentiya,RU,2022-07-05 18:45:15,65.5833,-171.0,45.09,94,100,7.09
159,Seshcha,RU,2022-07-05 18:45:15,53.7361,33.3387,65.19,86,12,0.98
160,Nioro,GM,2022-07-05 18:45:16,13.35,-15.75,85.06,64,96,9.98
161,Imbituba,BR,2022-07-05 18:45:16,-28.24,-48.6703,75.85,74,100,1.99
162,Rio Gallegos,AR,2022-07-05 18:45:17,-51.6226,-69.2181,32.05,93,75,8.05
163,Minab,IR,2022-07-05 18:45:17,27.1467,57.0801,91.27,54,99,5.19
164,Tuatapere,NZ,2022-07-05 18:45:18,-46.1333,167.6833,41.86,80,79,8.57
165,Vidim,RU,2022-07-05 18:45:18,56.4088,103.1106,56.21,88,84,2.33
166,Esqueda,MX,2022-07-05 18:45:19,30.7167,-109.5833,88.2,25,0,11.14
167,Riacho De Santana,BR,2022-07-05 18:45:19,-13.6092,-42.9389,84.42,25,0,11.95
168,Polunochnoye,RU,2022-07-05 18:45:20,60.8697,60.4153,49.89,96,46,3.27
169,Bethel,US,2022-07-05 18:45:20,41.3712,-73.414,81.52,60,100,1.01
170,Hasaki,JP,2022-07-05 18:45:21,35.7333,140.8333,73.8,98,100,11.83
171,Bahir Dar,ET,2022-07-05 18:45:21,11.5936,37.3908,63.18,86,93,3.53
172,Moyo,UG,2022-07-05 18:45:22,3.6609,31.7247,72.28,63,96,1.61
173,Portland,US,2022-07-05 18:42:08,45.5234,-122.6762,70.75,65,40,6.91
174,Iracoubo,GF,2022-07-05 18:45:22,5.4802,-53.2011,81.23,81,17,4.94
175,Airai,TL,2022-07-05 18:45:23,-8.9266,125.4092,52.81,91,100,2.55
176,Rawatsar,IN,2022-07-05 18:45:23,29.2833,74.3833,96.75,48,83,6.85
177,Haverfordwest,GB,2022-07-05 18:45:24,51.8017,-4.9691,67.59,80,78,6.22
178,Acara,BR,2022-07-05 18:45:24,-1.9608,-48.1967,81.52,73,99,3.22
179,Novo Aripuana,BR,2022-07-05 18:45:25,-5.1206,-60.3797,83.1,68,100,2.46
180,Nemuro,JP,2022-07-05 18:45:25,43.3236,145.575,54.05,98,100,9.73
181,Puerto Ayora,EC,2022-07-05 18:42:55,-0.7393,-90.3518,78.76,83,79,5.99
182,Longyearbyen,SJ,2022-07-05 18:46:26,78.2186,15.6401,44.44,76,75,12.66
183,Awbari,LY,2022-07-05 18:46:26,26.5921,12.7805,88.93,17,0,8.93
184,Cedar City,US,2022-07-05 18:46:26,37.6775,-113.0619,81.57,26,0,21.85
185,Bac Lieu,VN,2022-07-05 18:45:31,9.285,105.7244,80.67,85,95,7.4
186,Tuscaloosa,US,2022-07-05 18:43:32,33.2098,-87.5692,94.05,62,0,0.0
187,Severo-Kurilsk,RU,2022-07-05 18:46:27,50.6789,156.125,51.13,77,4,8.05
188,Victoria Falls,ZW,2022-07-05 18:46:28,-17.9235,25.843,60.33,54,5,3.89
189,Guerrero Negro,MX,2022-07-05 18:46:16,27.9769,-114.0611,72.23,58,8,14.52
190,Ciudad Guayana,VE,2022-07-05 18:46:29,8.3533,-62.6528,91.53,61,61,4.74
191,Vanimo,PG,2022-07-05 18:46:29,-2.6741,141.3028,78.22,87,100,2.44
192,Beira,MZ,2022-07-05 18:46:29,-19.8436,34.8389,67.05,81,0,5.35
193,Esperance,AU,2022-07-05 18:46:30,-33.8667,121.9,51.64,79,100,9.46
194,Caravelas,BR,2022-07-05 18:42:40,-17.7125,-39.2481,76.64,67,0,6.89
195,Bengkulu,ID,2022-07-05 18:45:14,-3.8004,102.2655,76.03,88,98,4.36
196,Dingle,PH,2022-07-05 18:46:31,10.9995,122.6711,76.35,89,89,1.12
197,Andenes,NO,2022-07-05 18:42:42,69.3143,16.1194,55.92,87,100,25.32
198,San Jeronimo,PE,2022-07-05 18:46:32,-11.9472,-75.2829,63.7,25,52,1.92
199,Poum,NC,2022-07-05 18:46:32,-20.2333,164.0167,76.66,81,100,23.13
200,Port Blair,IN,2022-07-05 18:46:33,11.6667,92.75,77.04,94,100,3.44
201,Kaitangata,NZ,2022-07-05 18:46:33,-46.2817,169.8464,45.25,73,63,14.14
202,Ostrovnoy,RU,2022-07-05 18:46:33,68.0531,39.5131,62.6,82,86,14.38
203,Korla,CN,2022-07-05 18:46:34,41.7597,86.1469,85.98,25,0,18.7
204,Waipawa,NZ,2022-07-05 18:42:45,-41.4122,175.5153,46.9,84,83,12.91
205,Atambua,ID,2022-07-05 18:46:35,-9.1061,124.8925,67.64,87,98,6.4
206,Ishigaki,JP,2022-07-05 18:46:35,24.3448,124.1572,82.53,89,75,9.22
207,Monkey Bay,MW,2022-07-05 18:46:36,-14.0728,34.9201,72.86,54,24,5.53
208,Esfarayen,IR,2022-07-05 18:46:36,37.0765,57.5101,67.66,30,0,8.14
209,Alyangula,AU,2022-07-05 18:45:30,-13.8483,136.4192,65.7,60,100,13.35
210,Ambon,ID,2022-07-05 18:46:37,-3.6954,128.1814,77.23,15,40,8.05
211,Fort Nelson,CA,2022-07-05 18:45:07,58.8053,-122.7002,71.19,56,20,5.75
212,San Pedro,PH,2022-07-05 18:46:37,14.35,121.0167,76.35,89,40,0.0
213,Wasilla,US,2022-07-05 18:46:38,61.5814,-149.4394,70.52,62,0,3.44
214,Berdigestyakh,RU,2022-07-05 18:46:38,62.0989,126.6992,66.92,94,2,5.21
215,Chaman,PK,2022-07-05 18:46:39,30.9236,66.4512,83.53,52,52,6.58
216,Shadrinsk,RU,2022-07-05 18:46:39,56.0852,63.6335,47.7,84,1,6.62
217,Saint-Francois,FR,2022-07-05 18:46:40,46.4154,3.9054,76.44,44,0,10.36
218,Torbay,CA,2022-07-05 18:45:36,47.6666,-52.7314,70.88,45,20,21.85
219,Klaksvik,FO,2022-07-05 18:46:40,62.2266,-6.589,50.92,90,100,6.98
220,Dawei,MM,2022-07-05 18:46:41,14.0833,98.2,76.89,92,91,0.34
221,Hamilton,US,2022-07-05 18:44:48,39.1834,-84.5333,95.31,70,75,25.32
222,Storforshei,NO,2022-07-05 18:46:41,66.4043,14.5233,51.66,93,75,3.44
223,Narasaraopet,IN,2022-07-05 18:46:42,16.25,80.0667,77.41,91,100,11.77
224,Murshidabad,IN,2022-07-05 18:46:42,24.1833,88.2667,83.19,78,100,10.6
225,Nome,US,2022-07-05 18:46:43,64.5011,-165.4064,51.87,87,100,9.22
226,Robore,BO,2022-07-05 18:46:43,-18.3333,-59.75,95.09,38,90,17.27
227,Beisfjord,NO,2022-07-05 18:47:44,68.3751,17.5988,57.04,97,100,1.48
228,Kloulklubed,PW,2022-07-05 18:47:45,7.0419,134.2556,75.7,74,100,5.41
229,Makakilo City,US,2022-07-05 18:47:45,21.3469,-158.0858,74.19,82,100,12.66
230,Cherlak,RU,2022-07-05 18:47:45,54.155,74.8055,57.9,96,98,7.78
231,Ocampo,MX,2022-07-05 18:47:46,21.65,-101.5,72.88,45,98,4.92
232,Darhan,MN,2022-07-05 18:47:46,49.4867,105.9228,54.59,75,7,3.62
233,Rusera,IN,2022-07-05 18:47:46,25.75,86.0333,88.34,63,21,10.63
234,Arman,RU,2022-07-05 18:47:47,59.7,150.1667,53.02,86,100,1.66
235,Kaputa,ZM,2022-07-05 18:47:47,-8.4689,29.6619,66.79,45,2,2.62
236,Vila Velha,BR,2022-07-05 18:43:29,-20.3297,-40.2925,80.55,75,20,12.66
237,Butimanu,RO,2022-07-05 18:47:48,44.6833,25.9,87.42,35,84,7.87
238,Aksu,CN,2022-07-05 18:47:48,41.1231,80.2644,87.78,18,29,5.28
239,Betanzos,ES,2022-07-05 18:47:49,43.2804,-8.2147,72.52,68,20,13.8
240,Inuvik,CA,2022-07-05 18:47:49,68.3499,-133.7218,75.96,76,40,5.75
241,Akdepe,TM,2022-07-05 18:47:49,42.0551,59.3788,75.29,26,0,8.59
242,Chuy,UY,2022-07-05 18:43:53,-33.6971,-53.4616,57.52,84,64,10.65
243,Yar-Sale,RU,2022-07-05 18:47:50,66.8333,70.8333,53.65,96,99,5.39
244,Kavieng,PG,2022-07-05 18:47:50,-2.5744,150.7967,81.52,82,100,14.56
245,Tagusao,PH,2022-07-05 18:47:51,9.1924,117.8141,79.72,84,99,3.62
246,Husavik,IS,2022-07-05 18:47:51,66.0449,-17.3389,44.53,80,45,7.99
247,Melilla,ES,2022-07-05 18:47:52,35.2937,-2.9383,82.6,61,40,3.44
248,Antofagasta,CL,2022-07-05 18:47:52,-23.65,-70.4,60.08,72,100,7.38
249,Chipinge,ZW,2022-07-05 18:47:52,-20.1883,32.6236,52.2,78,0,3.96
250,Isangel,VU,2022-07-05 18:47:53,-19.55,169.2667,77.11,83,40,11.5
251,Lompoc,US,2022-07-05 18:44:27,34.6391,-120.4579,81.7,77,75,13.0
252,Borogontsy,RU,2022-07-05 18:47:53,62.6683,131.1683,68.49,87,8,6.53
253,Grindavik,IS,2022-07-05 18:47:54,63.8424,-22.4338,57.15,100,100,9.22
254,Arlit,NE,2022-07-05 18:47:54,18.7369,7.3853,93.87,27,64,21.36
255,Pangai,TO,2022-07-05 18:47:54,-19.8,-174.35,75.31,64,40,18.41
256,Kruisfontein,ZA,2022-07-05 18:47:55,-34.0033,24.7314,57.88,93,100,3.83
257,Tobol,KZ,2022-07-05 18:47:56,52.6844,62.5794,53.26,74,100,6.64
258,Luganville,VU,2022-07-05 18:47:56,-15.5333,167.1667,78.19,89,66,12.57
259,Buta,CD,2022-07-05 18:47:57,2.7858,24.73,70.07,95,89,2.08
260,Mitsamiouli,KM,2022-07-05 18:47:57,-11.3847,43.2844,77.29,69,20,4.61
261,Olinda,BR,2022-07-05 18:47:39,-8.0089,-34.8553,76.73,94,75,13.8
262,Zhigalovo,RU,2022-07-05 18:47:58,54.8097,105.1578,55.99,96,99,0.47
263,Dabhoi,IN,2022-07-05 18:47:58,22.1833,73.4333,79.63,87,100,5.12
264,Catuday,PH,2022-07-05 18:47:59,16.2923,119.8062,78.96,73,100,4.12
265,Yumen,CN,2022-07-05 18:47:59,40.2833,97.2,79.34,16,0,9.1
266,Hithadhoo,MV,2022-07-05 18:45:01,-0.6,73.0833,82.74,71,19,6.31
267,Sao Joao Da Barra,BR,2022-07-05 18:47:42,-21.6403,-41.0511,80.69,69,0,16.78
268,Itarema,BR,2022-07-05 18:48:00,-2.9248,-39.9167,79.83,66,100,12.86
269,Sulechow,PL,2022-07-05 18:48:00,52.0836,15.6251,71.26,43,0,3.44
270,Santa Fe,AR,2022-07-05 18:48:00,-31.6333,-60.7,61.0,71,0,3.0
271,College,US,2022-07-05 18:48:01,64.8569,-147.8028,71.2,79,75,3.44
272,Monrovia,LR,2022-07-05 18:43:36,6.3005,-10.7969,77.47,81,1,7.31
273,Cabo San Lucas,MX,2022-07-05 18:46:30,22.8909,-109.9124,90.61,59,10,7.14
274,Seoul,KR,2022-07-05 18:46:31,37.5683,126.9778,78.4,95,40,2.3
275,Mae Chan,TH,2022-07-05 18:49:02,20.1467,99.8526,78.46,98,100,1.03
276,Port Moresby,PG,2022-07-05 18:49:03,-9.4431,147.1797,74.62,94,20,4.61
277,Bilma,NE,2022-07-05 18:49:04,18.6853,12.9164,96.82,12,10,6.98
278,Khakhea,BW,2022-07-05 18:49:04,-24.6895,23.494,63.95,38,4,7.05
279,Kalmunai,LK,2022-07-05 18:44:57,7.4167,81.8167,82.74,60,100,8.79
280,Arona,ES,2022-07-05 18:49:05,28.0996,-16.681,70.92,77,20,23.02
281,Tual,ID,2022-07-05 18:49:06,-5.6667,132.75,78.31,81,100,20.02
282,Stornoway,GB,2022-07-05 18:49:06,58.2093,-6.3865,54.93,92,75,12.66
283,Paysandu,UY,2022-07-05 18:49:06,-32.3214,-58.0756,57.6,66,10,7.34
284,Fortuna,US,2022-07-05 18:49:07,40.5982,-124.1573,65.93,94,100,0.0
285,Whakatane,NZ,2022-07-05 18:49:07,-37.9585,176.9854,57.78,99,100,4.74
286,Lorengau,PG,2022-07-05 18:49:08,-2.0226,147.2712,80.71,78,100,4.72
287,Panjab,AF,2022-07-05 18:49:08,34.388,67.0233,64.62,43,15,4.36
288,Santiago Del Estero,AR,2022-07-05 18:49:08,-27.7951,-64.2615,66.54,48,100,1.77
289,Redlands,US,2022-07-05 18:48:44,34.0556,-117.1825,92.32,45,0,0.0
290,Ramanathapuram,IN,2022-07-05 18:49:09,9.3833,78.8333,83.82,60,100,12.24
291,Ilhabela,BR,2022-07-05 18:49:07,-23.7781,-45.3581,75.56,61,0,4.0
292,Puerto Colombia,CO,2022-07-05 18:49:10,10.9878,-74.9547,86.09,81,100,12.01
293,Pandan,PH,2022-07-05 18:49:10,14.0453,124.1694,79.41,86,100,2.01
294,Goderich,CA,2022-07-05 18:49:10,43.7501,-81.7165,71.91,88,77,9.22
295,Copiapo,CL,2022-07-05 18:49:11,-27.3667,-70.3333,56.89,23,100,6.17
296,Inhambane,MZ,2022-07-05 18:49:11,-23.865,35.3833,65.84,77,0,4.79
297,Kupang,ID,2022-07-05 18:49:12,-10.1667,123.5833,71.58,68,82,10.63
298,Bosaso,SO,2022-07-05 18:49:12,11.2842,49.1816,93.18,39,8,12.84
299,Cancun,MX,2022-07-05 18:45:09,21.1743,-86.8466,86.05,74,75,8.05
300,Abu Samrah,SY,2022-07-05 18:49:13,35.3029,37.1841,79.09,39,0,13.82
301,Shwebo,MM,2022-07-05 18:49:13,22.5667,95.7,81.14,78,100,10.83
302,Sambava,MG,2022-07-05 18:49:13,-14.2667,50.1667,70.66,79,53,11.83
303,Vilcun,CL,2022-07-05 18:47:13,-38.65,-72.2333,47.14,95,100,8.46
304,Farafangana,MG,2022-07-05 18:49:14,-22.8167,47.8333,67.37,76,0,4.63
305,Dauriya,RU,2022-07-05 18:49:14,49.9333,116.8667,63.07,92,100,10.47
306,Shenjiamen,CN,2022-07-05 18:49:15,29.9576,122.298,79.95,88,50,29.39
307,Pembroke,CA,2022-07-05 18:47:39,45.8168,-77.1162,65.17,89,100,5.86
308,Baiyin,CN,2022-07-05 18:49:15,36.5583,104.2081,72.07,23,0,3.4
309,Atar,MR,2022-07-05 18:46:29,20.5169,-13.0499,100.96,16,96,7.43
310,Mali,GN,2022-07-05 18:49:16,12.079,-12.2982,63.68,87,100,2.89
311,Hirado,JP,2022-07-05 18:49:16,33.3597,129.5531,77.4,93,100,7.52
312,Altay,CN,2022-07-05 18:49:17,47.8667,88.1167,56.88,82,99,4.5
313,Kristiansund,NO,2022-07-05 18:49:17,63.1115,7.732,48.85,87,75,14.97
314,Warri,NG,2022-07-05 18:49:17,5.5167,5.75,75.27,93,100,3.62
315,Ajdabiya,LY,2022-07-05 18:49:18,30.7554,20.2263,78.84,76,0,14.29
316,Merauke,ID,2022-07-05 18:49:18,-8.4667,140.3333,76.89,88,99,12.15
317,Porto Walter,BR,2022-07-05 18:49:19,-8.2686,-72.7439,91.76,39,87,1.05
318,Abong Mbang,CM,2022-07-05 18:49:19,3.9833,13.1833,68.14,97,62,0.18
319,Voh,NC,2022-07-05 18:50:20,-20.9667,164.7,71.37,89,100,6.04
320,Rorvik,NO,2022-07-05 18:50:20,64.8621,11.2373,53.58,77,100,20.51
321,Denpasar,ID,2022-07-05 18:46:51,-8.65,115.2167,80.26,83,40,16.11
322,Shingu,JP,2022-07-05 18:50:21,33.7333,135.9833,76.42,96,100,3.94
323,Balkanabat,TM,2022-07-05 18:50:21,39.5108,54.3671,79.59,34,0,11.1
324,Rivers,CA,2022-07-05 18:50:22,50.0308,-100.2403,67.15,79,100,9.24
325,Savannah Bight,HN,2022-07-05 18:50:22,16.45,-85.85,82.35,80,100,18.72
326,Levittown,US,2022-07-05 18:50:22,40.1551,-74.8288,86.31,55,40,11.5
327,Russell,US,2022-07-05 18:45:24,32.3502,-85.1999,91.38,58,20,4.61
328,Tateyama,JP,2022-07-05 18:50:23,34.9833,139.8667,76.1,100,75,3.44
329,Rancho Palos Verdes,US,2022-07-05 18:50:23,33.7445,-118.387,82.08,75,0,8.01
330,Hami,CN,2022-07-05 18:50:24,42.8,93.45,84.47,23,0,21.07
331,Ofunato,JP,2022-07-05 18:50:24,39.0717,141.7167,69.15,93,59,3.58
332,Hualmay,PE,2022-07-05 18:50:25,-11.0964,-77.6139,66.54,71,24,10.98
333,Vao,NC,2022-07-05 18:50:25,-22.6667,167.4833,73.92,73,100,15.61
334,Huarmey,PE,2022-07-05 18:50:25,-10.0681,-78.1522,68.61,69,2,14.05
335,Coihaique,CL,2022-07-05 18:50:26,-45.5752,-72.0662,37.35,87,100,6.91
336,Ketchikan,US,2022-07-05 18:50:26,55.3422,-131.6461,57.67,94,100,10.36
337,Kerrville,US,2022-07-05 18:50:27,30.0474,-99.1403,94.55,49,40,9.22
338,Tilichiki,RU,2022-07-05 18:50:27,60.4667,166.1,49.01,93,100,1.9
339,Chulym,RU,2022-07-05 18:50:27,55.0997,80.9572,56.88,96,100,5.28
340,Padang,ID,2022-07-05 18:50:28,-0.9492,100.3543,77.05,85,64,3.96
341,Kendari,ID,2022-07-05 18:50:28,-3.945,122.4989,73.83,94,100,1.88
342,Xifeng,CN,2022-07-05 18:50:28,42.7372,124.7222,71.33,92,8,3.11
343,Tasiilaq,GL,2022-07-05 18:50:29,65.6145,-37.6368,39.36,81,94,3.65
344,Sobolevo,RU,2022-07-05 18:50:29,54.4299,31.8996,65.05,86,88,4.92
345,Geraldton,AU,2022-07-05 18:47:47,-28.7667,114.6,55.81,94,75,9.22
346,Ahipara,NZ,2022-07-05 18:50:30,-35.1667,173.1667,60.4,98,100,5.5
347,Hastings,GB,2022-07-05 18:50:30,50.8552,0.5729,71.91,52,97,7.2
348,Port Augusta,AU,2022-07-05 18:50:30,-32.5,137.7667,39.97,80,0,1.41
349,Kindu,CD,2022-07-05 18:49:05,-2.95,25.95,74.77,38,1,2.59
350,Minbu,MM,2022-07-05 18:50:31,20.1833,94.8833,79.99,82,100,7.47
351,Aklavik,CA,2022-07-05 18:50:31,68.2191,-135.0107,71.6,68,40,8.05
352,Vestmanna,FO,2022-07-05 18:50:32,62.1564,-7.1664,49.12,100,100,6.91
353,Kirensk,RU,2022-07-05 18:50:32,57.7853,108.1119,55.65,92,100,1.81
354,Erzin,TR,2022-07-05 18:50:32,36.9559,36.2,74.89,80,0,3.87
355,Narsaq,GL,2022-07-05 18:50:33,60.9167,-46.05,47.55,98,100,2.3
356,Stevens Point,US,2022-07-05 18:50:17,44.5236,-89.5746,85.95,64,100,1.99
357,Ilulissat,GL,2022-07-05 18:50:33,69.2167,-51.1,40.37,90,99,3.71
358,Pangnirtung,CA,2022-07-05 18:50:34,66.1451,-65.7125,44.6,81,75,17.27
359,Lata,PT,2022-07-05 18:50:34,40.1629,-8.3327,66.81,56,1,5.21
360,Jalu,LY,2022-07-05 18:50:35,29.0331,21.5482,85.77,28,0,18.5
361,Gushikawa,JP,2022-07-05 18:50:35,26.3544,127.8686,79.83,94,75,8.05
362,Katsuura,JP,2022-07-05 18:50:35,35.1333,140.3,73.42,95,100,8.88
363,Saint-Leu,RE,2022-07-05 18:50:36,-21.15,55.2833,67.06,74,96,7.49
364,Leticia,CO,2022-07-05 18:50:36,-4.2153,-69.9406,82.45,78,75,5.75
365,Sitka,US,2022-07-05 18:50:36,57.0531,-135.33,58.89,82,75,8.05
366,Yulin,CN,2022-07-05 18:51:37,22.6333,110.15,78.24,91,100,2.57
367,Cabanas,CU,2022-07-05 18:51:37,22.9758,-82.9219,85.51,70,74,8.43
368,Pokhara,NP,2022-07-05 18:51:37,28.2333,83.9833,75.38,91,90,1.39
369,Conceicao Do Araguaia,BR,2022-07-05 18:51:38,-8.2578,-49.2647,94.06,28,24,6.02
370,Ganganagar,IN,2022-07-05 18:51:38,29.9167,73.8833,98.46,44,61,7.25
371,Viljoenskroon,ZA,2022-07-05 18:51:38,-27.2084,26.9485,58.75,41,85,6.17
372,Takoradi,GH,2022-07-05 18:51:39,4.8845,-1.7554,76.35,89,69,6.85
373,Leningradskiy,RU,2022-07-05 18:51:39,69.3833,178.4167,50.97,69,100,0.89
374,Coahuayana,MX,2022-07-05 18:51:40,18.7333,-103.6833,89.89,61,65,4.59
375,Bam,IR,2022-07-05 18:51:40,29.106,58.357,91.56,19,96,9.33
376,Bani Walid,LY,2022-07-05 18:51:40,31.7566,13.9942,84.96,31,0,11.03
377,Ihosy,MG,2022-07-05 18:51:41,-22.4,46.1167,57.43,98,24,5.64
378,Qui Nhon,VN,2022-07-05 18:51:41,13.7667,109.2333,81.66,77,58,4.79
379,Vila Franca Do Campo,PT,2022-07-05 18:51:41,37.7167,-25.4333,72.19,76,96,6.89
380,Lakhimpur,IN,2022-07-05 18:51:42,27.95,80.7667,92.79,48,83,11.61
381,San Joaquin,US,2022-07-05 18:51:42,37.9333,-121.3011,82.53,56,0,4.61
382,Laguna,US,2022-07-05 18:51:43,38.421,-121.4238,86.34,54,0,8.05
383,Marzuq,YE,2022-07-05 18:51:43,14.4,46.4667,83.62,17,32,4.81
384,Port Hedland,AU,2022-07-05 18:51:44,-20.3167,118.5667,48.25,49,6,9.22
385,Taoudenni,ML,2022-07-05 18:51:44,22.6783,-3.9836,109.87,5,12,10.65
386,Masumbwe,TZ,2022-07-05 18:51:44,-3.6333,32.1833,68.13,38,6,1.45
387,Dejen,ET,2022-07-05 18:51:45,10.1667,38.1333,55.96,73,46,4.45
388,Sao Filipe,CV,2022-07-05 18:51:45,14.8961,-24.4956,75.11,84,45,6.55
389,Vung Tau,VN,2022-07-05 18:51:46,10.346,107.0843,81.68,83,100,8.75
390,Ozark,US,2022-07-05 18:51:46,37.0209,-93.206,99.28,42,0,3.0
391,Parainen,FI,2022-07-05 18:51:46,60.3067,22.301,64.89,74,18,15.59
392,Roald,NO,2022-07-05 18:51:47,62.5833,6.1333,55.17,93,75,18.41
393,Oussouye,SN,2022-07-05 18:51:47,12.485,-16.5469,86.18,75,100,9.75
394,Kibre Mengist,ET,2022-07-05 18:51:48,5.8833,38.9833,56.7,94,77,1.45
395,Batala,IN,2022-07-05 18:51:48,31.8186,75.2028,89.38,46,95,5.75
396,Quang Ngai,VN,2022-07-05 18:51:49,15.1167,108.8,77.81,88,100,5.5
397,Harper,LR,2022-07-05 18:51:49,4.375,-7.7169,77.34,80,56,11.16
398,Batsfjord,NO,2022-07-05 18:51:49,70.6345,29.7185,60.58,82,75,16.11
399,Ampanihy,MG,2022-07-05 18:51:50,-24.7,44.75,64.62,69,0,6.33
400,Dunedin,NZ,2022-07-05 18:51:50,-45.8742,170.5036,45.81,61,80,18.01
401,Angoche,MZ,2022-07-05 18:51:51,-16.2325,39.9086,71.83,73,0,7.85
402,Sioux Lookout,CA,2022-07-05 18:51:51,50.1001,-91.917,68.07,64,75,5.75
403,Meadow Lake,US,2022-07-05 18:51:52,34.8014,-106.5436,85.24,41,40,10.36
404,Soure,BR,2022-07-05 18:51:52,-0.7167,-48.5233,81.52,78,30,10.83
405,San Marcos De Colon,HN,2022-07-05 18:51:53,13.4333,-86.8,73.13,66,56,5.95
406,Fatehpur,IN,2022-07-05 18:51:53,25.9333,80.8,94.8,44,19,10.98
407,Hanmer Springs,NZ,2022-07-05 18:51:53,-42.5167,172.8167,38.57,90,100,1.79
408,Chabahar,IR,2022-07-05 18:51:54,25.2919,60.643,85.03,82,52,2.98
409,Brodokalmak,RU,2022-07-05 18:51:54,55.5748,62.082,47.3,76,86,4.94
410,San Cristobal,VE,2022-07-05 18:51:54,7.7669,-72.225,86.18,44,15,6.78
411,Lumberton,US,2022-07-05 18:52:55,34.6182,-79.0086,93.81,55,20,8.05
412,Ancud,CL,2022-07-05 18:52:55,-41.8697,-73.8203,42.22,79,100,18.41
413,Oregon,US,2022-07-05 18:52:55,44.0001,-120.5014,63.57,40,55,4.27
414,Indaparapeo,MX,2022-07-05 18:52:56,19.7833,-100.9667,72.59,65,100,3.53
415,Teya,RU,2022-07-05 18:52:56,60.3778,92.6267,55.24,83,100,2.8
416,Paidha,UG,2022-07-05 18:52:57,2.4167,30.9855,62.44,56,23,5.61
417,Nara,JP,2022-07-05 18:52:57,34.6851,135.8049,76.96,92,72,1.52
418,Petropavlovsk-Kamchatskiy,RU,2022-07-05 18:52:57,53.0452,158.6483,52.39,100,100,2.24
419,Karabuk,TR,2022-07-05 18:52:58,41.2049,32.6277,66.02,79,0,2.59
420,Tessalit,ML,2022-07-05 18:52:58,20.1986,1.0114,102.13,8,53,4.61
421,Marienburg,PL,2022-07-05 18:52:58,54.0359,19.0266,65.57,76,100,5.66
422,Gatesville,US,2022-07-05 18:52:59,31.4352,-97.7439,98.55,36,0,12.28
423,Bayonet Point,US,2022-07-05 18:52:33,28.3267,-82.6834,95.29,76,83,5.99
424,Eirunepe,BR,2022-07-05 18:52:59,-6.6603,-69.8736,90.37,48,56,2.68
425,Tarko-Sale,RU,2022-07-05 18:53:00,64.9225,77.785,54.86,54,1,3.91
426,Sakakah,SA,2022-07-05 18:53:00,29.9697,40.2064,92.77,17,0,10.18
427,Le Port,RE,2022-07-05 18:53:01,-20.9373,55.2919,68.0,78,98,4.41
428,Beboto,TD,2022-07-05 18:53:01,8.2668,16.939,75.92,74,10,1.63
429,Lishui,CN,2022-07-05 18:53:02,28.4604,119.9103,77.65,97,100,3.4
430,Ravenna,IT,2022-07-05 18:53:02,44.4167,11.9833,84.61,64,0,7.34
431,Bambanglipuro,ID,2022-07-05 18:53:03,-7.95,110.2833,76.39,91,99,2.26
432,Toktogul,KG,2022-07-05 18:53:03,41.8708,72.9402,62.56,87,100,1.59
433,Aksay,RU,2022-07-05 18:53:03,47.26,39.87,75.42,35,35,7.0
434,Faanui,PF,2022-07-05 18:53:04,-16.4833,-151.75,79.57,73,7,15.97
435,Prince Albert,CA,2022-07-05 18:53:04,53.2001,-105.7677,64.35,63,100,8.05
436,Fastiv,UA,2022-07-05 18:53:05,50.0767,29.9177,74.34,51,71,7.7
437,Deputatskiy,RU,2022-07-05 18:53:05,69.3,139.9,40.24,68,98,3.27
438,Vilhena,BR,2022-07-05 18:53:05,-12.7406,-60.1458,84.42,34,0,8.05
439,Bonnyville,CA,2022-07-05 18:53:06,54.2668,-110.735,58.8,83,100,11.83
440,Carros,FR,2022-07-05 18:53:06,43.7894,7.184,80.29,73,0,8.05
441,Labrea,BR,2022-07-05 18:53:06,-7.2586,-64.7981,84.74,61,100,2.48
442,Roros,NO,2022-07-05 18:53:07,62.5747,11.3842,46.24,93,100,3.44
443,Alice Springs,AU,2022-07-05 18:53:07,-23.7,133.8833,29.75,74,0,5.75
444,Bambous Virieux,MU,2022-07-05 18:53:08,-20.3428,57.7575,68.25,77,20,5.75
445,Los Andes,CL,2022-07-05 18:53:08,-32.8337,-70.5983,59.02,41,0,4.05
446,Mbeya,TZ,2022-07-05 18:53:08,-8.9,33.45,50.43,86,11,5.86
447,Cayenne,GF,2022-07-05 18:49:04,4.9333,-52.3333,84.24,19,75,4.61
448,Beberibe,BR,2022-07-05 18:48:29,-4.1797,-38.1306,78.84,73,88,6.06
449,Prainha,BR,2022-07-05 18:53:09,-1.8,-53.48,86.2,57,68,3.38
450,Mabaruma,GY,2022-07-05 18:53:09,8.2,-59.7833,77.0,100,75,6.91
451,Cleveland,US,2022-07-05 18:48:12,41.4995,-81.6954,84.18,67,0,17.27
452,Miri,MY,2022-07-05 18:53:10,4.4148,114.0089,75.34,100,40,2.3
453,Temir,KZ,2022-07-05 18:53:10,49.1414,57.13,60.1,73,70,12.64
454,Mikhaylovka,RU,2022-07-05 18:53:11,50.06,43.2379,68.7,63,10,5.55
455,Feijo,BR,2022-07-05 18:53:11,-8.1642,-70.3536,92.52,38,85,2.04
456,Dwarka,IN,2022-07-05 18:53:12,22.2394,68.9678,82.17,83,100,10.63
457,Orlik,RU,2022-07-05 18:53:12,52.5178,99.825,48.04,77,33,2.13
458,Nikolsk,RU,2022-07-05 18:54:12,53.7189,46.0712,52.32,77,99,4.45
459,Naze,JP,2022-07-05 18:54:13,28.3667,129.4833,77.92,89,35,13.04
460,Bizhbulyak,RU,2022-07-05 18:54:13,53.6967,54.2642,51.06,90,35,7.34
461,Trat,TH,2022-07-05 18:54:13,12.5,102.5,83.91,95,100,2.17
462,Evensk,RU,2022-07-05 18:54:14,61.95,159.2333,51.64,82,100,5.53
463,Idenao,CM,2022-07-05 18:54:14,4.2475,9.0047,75.4,86,98,1.79
464,Alofi,NU,2022-07-05 18:54:15,-19.0595,-169.9187,71.49,73,100,8.05
465,Provideniya,RU,2022-07-05 18:54:15,64.3833,-173.3,46.67,95,100,6.62
466,Kirakira,SB,2022-07-05 18:54:15,-10.4544,161.9205,79.07,78,100,10.4
467,Te Anau,NZ,2022-07-05 18:50:08,-45.4167,167.7167,34.47,90,5,1.61
468,Lyuban,BY,2022-07-05 18:54:16,52.7985,28.0048,67.62,78,99,7.99
469,Oktyabrskiy,RU,2022-07-05 18:54:16,54.4815,53.471,53.1,88,92,3.71
470,Lasa,IT,2022-07-05 18:54:17,46.6166,10.7002,70.68,82,26,5.91
471,Dauphin,CA,2022-07-05 18:54:17,51.1494,-100.0502,66.34,77,100,6.91
472,Paamiut,GL,2022-07-05 18:54:18,61.994,-49.6678,41.52,98,100,5.35
473,Along,IN,2022-07-05 18:54:18,28.1667,94.7667,77.86,97,10,1.03
474,Maceio,BR,2022-07-05 18:54:18,-9.6658,-35.7353,78.24,73,75,18.41
475,Sturgeon Bay,US,2022-07-05 18:53:44,44.8342,-87.377,75.18,83,100,6.91
476,Champerico,GT,2022-07-05 18:54:19,14.3,-91.9167,91.94,73,91,9.35
477,Palmer,US,2022-07-05 18:54:20,42.1584,-72.3287,81.25,65,100,5.75
478,New Orleans,US,2022-07-05 18:50:22,29.9547,-90.0751,79.0,89,100,6.91
479,Oyama,JP,2022-07-05 18:54:20,36.3,139.8,79.59,83,39,8.3
480,Dharchula,IN,2022-07-05 18:54:20,29.85,80.5333,76.06,97,100,1.77
481,Meulaboh,ID,2022-07-05 18:54:21,4.1363,96.1285,77.49,84,100,3.53
482,Grandview,US,2022-07-05 18:52:24,38.8858,-94.533,96.06,52,0,14.97
483,Amudat,UG,2022-07-05 18:54:21,1.95,34.95,74.12,52,100,4.92
484,Brigantine,US,2022-07-05 18:51:28,39.4101,-74.3646,84.2,69,0,17.27
485,Teguajinal,HN,2022-07-05 18:54:22,15.3667,-86.6,75.2,85,98,4.0
486,Huanren,CN,2022-07-05 18:54:22,41.2647,125.3667,70.11,97,15,2.26
487,Balakhninskiy,RU,2022-07-05 18:54:23,58.0106,114.2769,58.01,95,100,1.9
488,Wuwei,CN,2022-07-05 18:54:23,37.9281,102.6414,69.62,31,0,3.8
489,Uyuni,BO,2022-07-05 18:54:23,-20.4597,-66.825,54.84,18,30,13.71
490,Maragogi,BR,2022-07-05 18:53:21,-9.0122,-35.2225,75.96,86,15,12.37
491,Norrtalje,SE,2022-07-05 18:54:24,59.758,18.705,65.01,58,18,9.17
492,Saurimo,AO,2022-07-05 18:54:24,-9.6608,20.3916,66.07,30,0,2.68
493,Mafinga,TZ,2022-07-05 18:54:25,-7.25,35.0667,65.46,51,4,5.06
494,Payo,ID,2022-07-05 18:54:25,-3.7508,103.6372,71.92,97,16,2.42
495,Las Palmas,ES,2022-07-05 18:54:26,28.4204,-14.0131,70.59,73,75,18.41
496,Port Macquarie,AU,2022-07-05 18:53:13,-31.4333,152.9167,62.49,100,75,5.75
497,Port Hardy,CA,2022-07-05 18:54:26,50.6996,-127.4199,59.0,88,75,3.44
498,Panaba,MX,2022-07-05 18:54:27,21.2833,-88.2667,82.96,74,90,10.29
499,Eenhana,NA,2022-07-05 18:54:27,-17.4667,16.3333,62.4,33,0,4.83
500,Baoro,CF,2022-07-05 18:54:27,5.6667,15.9667,68.04,91,19,2.73
501,Nanortalik,GL,2022-07-05 18:54:28,60.1432,-45.2371,44.83,96,100,5.06
502,Oda,JP,2022-07-05 18:54:28,35.1833,132.5,75.6,94,64,6.49
503,Jaisalmer,IN,2022-07-05 18:49:34,26.9147,70.9181,92.23,54,96,4.36
504,Banjar,ID,2022-07-05 18:55:29,-8.19,114.9675,76.14,91,100,4.36
505,Mnogovershinnyy,RU,2022-07-05 18:55:29,53.9353,139.9242,67.05,76,3,4.85
506,High Level,CA,2022-07-05 18:55:30,58.5169,-117.136,71.71,49,40,4.61
507,Staroye Drozhzhanoye,RU,2022-07-05 18:55:30,54.7266,47.5677,55.04,78,9,4.07
508,Rong Kwang,TH,2022-07-05 18:55:30,18.339,100.3174,75.27,97,100,2.71
509,Mathbaria,BD,2022-07-05 18:55:31,22.2876,89.9593,81.12,88,100,9.08
510,Umm Lajj,SA,2022-07-05 18:55:31,25.0213,37.2685,88.63,50,6,5.14
511,Plouzane,FR,2022-07-05 18:55:32,48.3833,-4.6167,64.45,77,75,12.66
512,Poronaysk,RU,2022-07-05 18:55:32,49.2167,143.1167,49.77,94,73,3.0
513,Katherine,AU,2022-07-05 18:55:32,-14.4667,132.2667,50.32,76,100,6.91
514,Huicungo,PE,2022-07-05 18:55:33,-7.2833,-76.8,84.45,70,75,0.0
515,Kudahuvadhoo,MV,2022-07-05 18:55:33,2.6708,72.8944,81.91,79,100,16.96
516,Vuktyl,RU,2022-07-05 18:55:34,63.8567,57.3094,61.41,88,100,3.78
517,Lobito,AO,2022-07-05 18:55:34,-12.3481,13.5456,68.56,87,7,0.65
518,Fremont,US,2022-07-05 18:55:34,37.5483,-121.9886,82.36,67,75,11.5
519,Vanavara,RU,2022-07-05 18:55:35,60.34,102.2797,59.05,73,100,3.94
520,Nicoya,CR,2022-07-05 18:55:35,10.1483,-85.452,82.87,80,93,2.68
521,Coihueco,CL,2022-07-05 18:55:36,-36.6167,-71.8333,50.74,71,75,13.8
522,Mercedes,AR,2022-07-05 18:55:36,-34.6515,-59.4307,63.03,50,0,4.16
523,Belur,IN,2022-07-05 18:55:36,13.1667,75.8667,66.69,97,100,9.01
524,Saint-Pierre,RE,2022-07-05 18:55:37,-21.3393,55.4781,67.68,73,0,8.05
525,Zharkent,KZ,2022-07-05 18:55:37,44.1628,80.0,66.2,53,100,2.77
526,Karasjok,NO,2022-07-05 18:55:37,69.4719,25.5112,61.61,79,32,8.32
527,Kimberley,ZA,2022-07-05 18:55:38,-28.7323,24.7623,56.89,54,0,3.44
528,Gariaband,IN,2022-07-05 18:55:38,20.635,82.0614,78.58,84,100,3.49
529,Barguzin,RU,2022-07-05 18:55:38,53.6167,109.6167,53.89,95,100,4.65
530,Xiaoshan,CN,2022-07-05 18:55:39,30.1675,120.2588,87.66,66,0,8.95
531,East London,ZA,2022-07-05 18:55:39,-33.0153,27.9116,61.74,82,20,11.5
532,Qunduz,AF,2022-07-05 18:55:40,36.729,68.857,80.04,23,0,0.96
533,Ixtapa,MX,2022-07-05 18:55:40,20.7,-105.2,86.23,75,100,1.99
534,Saint-Joseph,RE,2022-07-05 18:55:40,-21.3667,55.6167,66.58,78,52,11.63
535,Nakamura,JP,2022-07-05 18:55:41,32.9833,132.9333,75.54,97,96,5.17
536,Datong,CN,2022-07-05 18:55:41,40.0936,113.2914,63.03,66,91,1.03
537,Maarianhamina,AX,2022-07-05 18:55:42,60.0973,19.9348,62.46,72,0,12.66
538,San Ramon,US,2022-07-05 18:55:30,37.7799,-121.978,80.82,65,90,7.0
539,Bira,RU,2022-07-05 18:55:42,49.0,132.4667,67.35,98,67,2.04
540,Yatou,CN,2022-07-05 18:55:43,37.15,122.3833,74.7,86,100,6.46
541,Tigre,AR,2022-07-05 18:55:43,-34.426,-58.5796,60.94,81,75,6.91
542,Xuddur,SO,2022-07-05 18:55:43,4.1213,43.8894,76.93,58,100,17.36
543,San Carlos Del Zulia,VE,2022-07-05 18:55:44,9.0,-71.9135,94.62,44,100,7.74
544,Sergeyevka,KZ,2022-07-05 18:55:44,53.88,67.4158,51.78,94,62,10.27
545,Vostok,RU,2022-07-05 18:55:45,46.4856,135.8833,61.7,97,6,3.24
546,Garissa,KE,2022-07-05 18:54:21,-0.4536,39.6401,75.47,69,99,21.54
547,Kielce,PL,2022-07-05 18:55:45,50.8703,20.6275,66.02,1,100,4.56
548,Naberera,TZ,2022-07-05 18:55:46,-4.2,36.9333,57.7,80,36,9.66
549,Never,FR,2022-07-05 18:56:46,46.9896,3.159,76.75,41,0,8.05
550,Demyansk,RU,2022-07-05 18:56:47,57.643,32.466,64.31,74,28,4.36
551,Bonthe,SL,2022-07-05 18:56:47,7.5264,-12.505,78.46,77,15,7.99
